name,email
John McClane,john.mcclane@example.com
Ellen Ripley,ellen.ripley@example.com
James Bond,james.bond@example.com
Sarah Connor,sarah.connor@example.com
Indiana Jones,indiana.jones@example.com
Jason Bourne,jason.bourne@example.com
Lara Croft,lara.croft@example.com
Maximus Decimus,maximus.decimus@example.com
John Wick,john.wick@example.com
Neo Anderson,neo.anderson@example.com
Ethan Hunt,ethan.hunt@example.com
Martin Riggs,martin.riggs@example.com
Bryan Mills,bryan.mills@example.com
Frank Martin,frank.martin@example.com
Dominic Toretto,dominic.toretto@example.com
Mad Max,mad.max@example.com
Tony Stark,tony.stark@example.com
Natasha Romanoff,natasha.romanoff@example.com
Steve Rogers,steve.rogers@example.com
